Nom,Membres,Agenda,Comptes-rendus,Contributions externes
"Action humanitaire",20,,,
"Air et santé : Impact sur la santé de la qualité de l'air intérieur et extérieur",27,,1,1
"Alimentation et santé",36,,,
"Amiante",23,1,1,
"Antisémitisme",31,,,
"Arctique, Antarctique et Terres Australes et Antarctiques françaises – droit des grands fonds",31,,,
"Assurances",15,1,,
"Attractivité de la France – export – investissement – compétitivité",64,1,1,
"Autisme",48,,,
"Cancer",28,,,
"Chasse et territoires",118,1,,
"Cheval",43,,,
"Chrétiens d'orient",47,1,1,
"Cinéma et production audiovisuelle",44,,,
"Commerce, artisanat et métiers d'art",43,,,
"Condition animale",48,,,
"Conditions d'accueil des migrants",57,1,1,
"Coopération au développement",24,,,
"Cybersécurité et souveraineté numérique",46,,,
"Déchets ménagers",27,,,
"Diplomatie économique avec l'Afrique",39,,,
"Discriminations et LGBTQI-phobies dans le monde",24,,1,
"Diversité et discriminations liées à l’origine ",1,,,
"Droits de l'enfant et protection de la jeunesse",32,,,
"Eau et biodiversité",41,,,
"Éco-construction",15,,,
"Économie du sport",43,,,
"Économie maritime",40,,,
"Économie numérique de la donnée, de la connaissance et de l'intelligence artificielle",56,,,
"Économie sociale et solidaire",61,,,
"Économie verte et économie circulaire",42,1,,
"Économies insulaires françaises, catastrophes naturelles et politiques publiques de développement",16,1,,
"Élevage pastoral",41,1,,
"Énergies vertes",59,1,,
"Enjeux d'évolution et de conversion de l'industrie manufacturière",24,,,
"Enjeux de la ruralité",175,1,1,
"Enjeux économiques de la filière industrielle énergétique",38,1,1,
"Enseignement privé sous contrat et hors contrat",26,,,
"Entrée en vigueur du Traité d'interdiction complète des essais nucléaire",11,1,,
"Entrepreneuriat au féminin",23,1,,
"Famille et adoption",23,,,
"Filière brassicole",39,1,,
"Fin de vie",132,1,1,
"Forêt, bois, nouveaux usages et industrie du bois",59,,,
"Francophonie",25,,,
"Gastronomie",77,,1,
"Gens du voyage",29,,,
"Handicap Inclusion",43,,,
"Hydrogène",61,,,
"Îles anglo-normandes",13,,,
"Illettrisme et illectronisme",18,,,
"Impact des changements climatiques",39,1,,
"Industrie de la défense",58,,,
"Industrie du luxe et de moyens",36,,,
"Inondations, risques naturels et calamités agricoles",45,,1,
"Insertion économique et civique des jeunes",37,,,
"Jeux vidéo",26,,,
"Langue des signes",13,,,
"Langues et cultures régionales",57,1,,
"Les Kurdes",18,1,,
"Littoral",28,,,
"Livre et économie du livre et du papier",30,,,
"Maladie de Lyme",35,,,
"Maladies rares",22,,,
"Mineurs non accompagnés",41,1,1,
"Modernisation des activités agricoles et structuration des filières",67,,,
"Montagne",46,,,
"Objectifs de développement durable",39,,,
"Parcs nationaux, parcs naturels régionaux et aires protégées",66,1,,
"Patrimoine",46,1,,
"Pauvreté, précarité et sans-abri",30,,,
"Peuple tamoul",7,1,,
"Presse",29,1,,
"Prévention santé",26,1,1,1
"Prisons et conditions carcérales",47,,,
"Professions paramédicales",23,,,
"RSE - responsabilité sociale des entreprises",29,1,,
"Rapatriés",15,,,
"Réserve citoyenne",32,,,
"Sahara occidental",8,1,,
"Santé à l'école",19,,,
"Santé environnementale",23,,,
"Santé et numérique",29,,,
"Santé mondiale : paludisme, sida et tuberculose",14,,,
"Sapeurs-pompiers volontaires",97,1,,
"Secteur aéronautique et spatial",48,1,,
"Sida",16,,,
"Spectacle vivant",21,,,
"Sport",57,1,,
"Startup, PME et ETI",57,,,
"Statut des travailleurs mobiles en Europe",23,1,1,
"Thermalisme",44,,,
"Tibet",19,,,
"Trufficulture",29,,,
"Urbanisme",35,1,,
"Valorisation des activités touristiques",60,,1,
"Véhicules terrestres",26,,,
"Vie associative et bénévolat",76,1,,
"Vigne, vin et œnologie",113,,,
"Villes et banlieues",49,,,
"Villes moyennes",56,,,
"Violences intra-familiales",37,,1,
"Voies navigables et transports multimodaux – canaux",35,1,,
