Url,Nom,Membres,Agenda,Comptes-rendus,Contributions des personnalités auditionnées
http://www2.assemblee-nationale.fr/instances/resume/OMC_PO746612/legislature/15,"Action humanitaire",20,,,
http://www2.assemblee-nationale.fr/instances/resume/OMC_PO763229/legislature/15,"Air et santé : Impact sur la santé de la qualité de l'air intérieur et extérieur",27,,1,1
http://www2.assemblee-nationale.fr/instances/resume/OMC_PO746618/legislature/15,"Alimentation et santé",36,,,
http://www2.assemblee-nationale.fr/instances/resume/OMC_PO746624/legislature/15,"Amiante",23,1,1,
http://www2.assemblee-nationale.fr/instances/resume/OMC_PO746629/legislature/15,"Antisémitisme",31,,,
http://www2.assemblee-nationale.fr/instances/resume/OMC_PO746634/legislature/15,"Arctique, Antarctique et Terres Australes et Antarctiques françaises – droit des grands fonds",31,,,
http://www2.assemblee-nationale.fr/instances/resume/OMC_PO746639/legislature/15,"Assurances",15,1,,
http://www2.assemblee-nationale.fr/instances/resume/OMC_PO746644/legislature/15,"Attractivité de la France – export – investissement – compétitivité",64,1,1,
http://www2.assemblee-nationale.fr/instances/resume/OMC_PO746649/legislature/15,"Autisme",48,,,
http://www2.assemblee-nationale.fr/instances/resume/OMC_PO746659/legislature/15,"Cancer",28,,,
http://www2.assemblee-nationale.fr/instances/resume/OMC_PO746669/legislature/15,"Chasse et territoires",118,1,,
http://www2.assemblee-nationale.fr/instances/resume/OMC_PO746674/legislature/15,"Cheval",43,,,
http://www2.assemblee-nationale.fr/instances/resume/OMC_PO746679/legislature/15,"Chrétiens d'orient",47,1,1,
http://www2.assemblee-nationale.fr/instances/resume/OMC_PO746684/legislature/15,"Cinéma et production audiovisuelle",44,,,
http://www2.assemblee-nationale.fr/instances/resume/OMC_PO746689/legislature/15,"Commerce, artisanat et métiers d'art",43,,,
http://www2.assemblee-nationale.fr/instances/resume/OMC_PO746735/legislature/15,"Condition animale",48,,,
http://www2.assemblee-nationale.fr/instances/resume/OMC_PO746748/legislature/15,"Conditions d'accueil des migrants",57,1,1,
http://www2.assemblee-nationale.fr/instances/resume/OMC_PO746753/legislature/15,"Coopération au développement",24,,,
http://www2.assemblee-nationale.fr/instances/resume/OMC_PO746763/legislature/15,"Cybersécurité et souveraineté numérique",46,,,
http://www2.assemblee-nationale.fr/instances/resume/OMC_PO746768/legislature/15,"Déchets ménagers",27,,,
http://www2.assemblee-nationale.fr/instances/resume/OMC_PO746791/legislature/15,"Diplomatie économique avec l'Afrique",39,,,
http://www2.assemblee-nationale.fr/instances/resume/OMC_PO746796/legislature/15,"Discriminations et LGBTQI-phobies dans le monde",24,,1,
http://www2.assemblee-nationale.fr/instances/resume/OMC_PO746801/legislature/15,"Diversité et discriminations liées à l’origine ",1,,,
http://www2.assemblee-nationale.fr/instances/resume/OMC_PO746806/legislature/15,"Droits de l'enfant et protection de la jeunesse",32,,,
http://www2.assemblee-nationale.fr/instances/resume/OMC_PO746811/legislature/15,"Eau et biodiversité",41,,,
http://www2.assemblee-nationale.fr/instances/resume/OMC_PO746816/legislature/15,"Éco-construction",15,,,
http://www2.assemblee-nationale.fr/instances/resume/OMC_PO746821/legislature/15,"Économie du sport",43,,,
http://www2.assemblee-nationale.fr/instances/resume/OMC_PO746832/legislature/15,"Économie maritime",40,,,
http://www2.assemblee-nationale.fr/instances/resume/OMC_PO746837/legislature/15,"Économie numérique de la donnée, de la connaissance et de l'intelligence artificielle",56,,,
http://www2.assemblee-nationale.fr/instances/resume/OMC_PO746847/legislature/15,"Économie sociale et solidaire",61,,,
http://www2.assemblee-nationale.fr/instances/resume/OMC_PO746852/legislature/15,"Économie verte et économie circulaire",42,1,,
http://www2.assemblee-nationale.fr/instances/resume/OMC_PO746827/legislature/15,"Économies insulaires françaises, catastrophes naturelles et politiques publiques de développement",16,1,,
http://www2.assemblee-nationale.fr/instances/resume/OMC_PO763234/legislature/15,"Élevage pastoral",41,1,,
http://www2.assemblee-nationale.fr/instances/resume/OMC_PO746857/legislature/15,"Énergies vertes",59,1,,
http://www2.assemblee-nationale.fr/instances/resume/OMC_PO746894/legislature/15,"Enjeux d'évolution et de conversion de l'industrie manufacturière",24,,,
http://www2.assemblee-nationale.fr/instances/resume/OMC_PO746880/legislature/15,"Enjeux de la ruralité",175,1,1,
http://www2.assemblee-nationale.fr/instances/resume/OMC_PO746899/legislature/15,"Enjeux économiques de la filière industrielle énergétique",38,1,1,
http://www2.assemblee-nationale.fr/instances/resume/OMC_PO746904/legislature/15,"Enseignement privé sous contrat et hors contrat",26,,,
http://www2.assemblee-nationale.fr/instances/resume/OMC_PO763239/legislature/15,"Entrée en vigueur du Traité d'interdiction complète des essais nucléaire",11,1,,
http://www2.assemblee-nationale.fr/instances/resume/OMC_PO746910/legislature/15,"Entrepreneuriat au féminin",23,1,,
http://www2.assemblee-nationale.fr/instances/resume/OMC_PO746915/legislature/15,"Famille et adoption",23,,,
http://www2.assemblee-nationale.fr/instances/resume/OMC_PO746920/legislature/15,"Filière brassicole",39,1,,
http://www2.assemblee-nationale.fr/instances/resume/OMC_PO746925/legislature/15,"Fin de vie",132,1,1,
http://www2.assemblee-nationale.fr/instances/resume/OMC_PO746930/legislature/15,"Forêt, bois, nouveaux usages et industrie du bois",59,,,
http://www2.assemblee-nationale.fr/instances/resume/OMC_PO746935/legislature/15,"Francophonie",25,,,
http://www2.assemblee-nationale.fr/instances/resume/OMC_PO763244/legislature/15,"Gastronomie",77,,1,
http://www2.assemblee-nationale.fr/instances/resume/OMC_PO746957/legislature/15,"Gens du voyage",29,,,
http://www2.assemblee-nationale.fr/instances/resume/OMC_PO747002/legislature/15,"Handicap Inclusion",43,,,
http://www2.assemblee-nationale.fr/instances/resume/OMC_PO763249/legislature/15,"Hydrogène",61,,,
http://www2.assemblee-nationale.fr/instances/resume/OMC_PO746962/legislature/15,"Îles anglo-normandes",13,,,
http://www2.assemblee-nationale.fr/instances/resume/OMC_PO746972/legislature/15,"Illettrisme et illectronisme",18,,,
http://www2.assemblee-nationale.fr/instances/resume/OMC_PO746977/legislature/15,"Impact des changements climatiques",39,1,,
http://www2.assemblee-nationale.fr/instances/resume/OMC_PO746982/legislature/15,"Industrie de la défense",58,,,
http://www2.assemblee-nationale.fr/instances/resume/OMC_PO746987/legislature/15,"Industrie du luxe et de moyens",36,,,
http://www2.assemblee-nationale.fr/instances/resume/OMC_PO746992/legislature/15,"Inondations, risques naturels et calamités agricoles",45,,1,
http://www2.assemblee-nationale.fr/instances/resume/OMC_PO746997/legislature/15,"Insertion économique et civique des jeunes",37,,,
http://www2.assemblee-nationale.fr/instances/resume/OMC_PO747017/legislature/15,"Jeux vidéo",26,,,
http://www2.assemblee-nationale.fr/instances/resume/OMC_PO747022/legislature/15,"Langue des signes",13,,,
http://www2.assemblee-nationale.fr/instances/resume/OMC_PO747027/legislature/15,"Langues et cultures régionales",57,1,,
http://www2.assemblee-nationale.fr/instances/resume/OMC_PO747032/legislature/15,"Les Kurdes",18,1,,
http://www2.assemblee-nationale.fr/instances/resume/OMC_PO747042/legislature/15,"Littoral",28,,,
http://www2.assemblee-nationale.fr/instances/resume/OMC_PO747047/legislature/15,"Livre et économie du livre et du papier",30,,,
http://www2.assemblee-nationale.fr/instances/resume/OMC_PO747057/legislature/15,"Maladie de Lyme",35,,,
http://www2.assemblee-nationale.fr/instances/resume/OMC_PO747062/legislature/15,"Maladies rares",22,,,
http://www2.assemblee-nationale.fr/instances/resume/OMC_PO747072/legislature/15,"Mineurs non accompagnés",41,1,1,
http://www2.assemblee-nationale.fr/instances/resume/OMC_PO747084/legislature/15,"Modernisation des activités agricoles et structuration des filières",67,,,
http://www2.assemblee-nationale.fr/instances/resume/OMC_PO747094/legislature/15,"Montagne",46,,,
http://www2.assemblee-nationale.fr/instances/resume/OMC_PO763254/legislature/15,"Objectifs de développement durable",39,,,
http://www2.assemblee-nationale.fr/instances/resume/OMC_PO747099/legislature/15,"Parcs nationaux, parcs naturels régionaux et aires protégées",66,1,,
http://www2.assemblee-nationale.fr/instances/resume/OMC_PO747104/legislature/15,"Patrimoine",46,1,,
http://www2.assemblee-nationale.fr/instances/resume/OMC_PO747109/legislature/15,"Pauvreté, précarité et sans-abri",30,,,
http://www2.assemblee-nationale.fr/instances/resume/OMC_PO747119/legislature/15,"Peuple tamoul",7,1,,
http://www2.assemblee-nationale.fr/instances/resume/OMC_PO747135/legislature/15,"Presse",29,1,,
http://www2.assemblee-nationale.fr/instances/resume/OMC_PO763259/legislature/15,"Prévention santé",26,1,1,1
http://www2.assemblee-nationale.fr/instances/resume/OMC_PO747140/legislature/15,"Prisons et conditions carcérales",47,,,
http://www2.assemblee-nationale.fr/instances/resume/OMC_PO747145/legislature/15,"Professions paramédicales",23,,,
http://www2.assemblee-nationale.fr/instances/resume/OMC_PO747170/legislature/15,"RSE - responsabilité sociale des entreprises",29,1,,
http://www2.assemblee-nationale.fr/instances/resume/OMC_PO747150/legislature/15,"Rapatriés",15,,,
http://www2.assemblee-nationale.fr/instances/resume/OMC_PO747160/legislature/15,"Réserve citoyenne",32,,,
http://www2.assemblee-nationale.fr/instances/resume/OMC_PO747175/legislature/15,"Sahara occidental",8,1,,
http://www2.assemblee-nationale.fr/instances/resume/OMC_PO747180/legislature/15,"Santé à l'école",19,,,
http://www2.assemblee-nationale.fr/instances/resume/OMC_PO747185/legislature/15,"Santé environnementale",23,,,
http://www2.assemblee-nationale.fr/instances/resume/OMC_PO747190/legislature/15,"Santé et numérique",29,,,
http://www2.assemblee-nationale.fr/instances/resume/OMC_PO747195/legislature/15,"Santé mondiale : paludisme, sida et tuberculose",14,,,
http://www2.assemblee-nationale.fr/instances/resume/OMC_PO763264/legislature/15,"Sapeurs-pompiers volontaires",97,1,,
http://www2.assemblee-nationale.fr/instances/resume/OMC_PO747200/legislature/15,"Secteur aéronautique et spatial",48,1,,
http://www2.assemblee-nationale.fr/instances/resume/OMC_PO747210/legislature/15,"Sida",16,,,
http://www2.assemblee-nationale.fr/instances/resume/OMC_PO763269/legislature/15,"Spectacle vivant",21,,,
http://www2.assemblee-nationale.fr/instances/resume/OMC_PO747215/legislature/15,"Sport",57,1,,
http://www2.assemblee-nationale.fr/instances/resume/OMC_PO747220/legislature/15,"Startup, PME et ETI",57,,,
http://www2.assemblee-nationale.fr/instances/resume/OMC_PO747225/legislature/15,"Statut des travailleurs mobiles en Europe",23,1,1,
http://www2.assemblee-nationale.fr/instances/resume/OMC_PO747241/legislature/15,"Thermalisme",44,,,
http://www2.assemblee-nationale.fr/instances/resume/OMC_PO747235/legislature/15,"Tibet",19,,,
http://www2.assemblee-nationale.fr/instances/resume/OMC_PO747246/legislature/15,"Trufficulture",29,,,
http://www2.assemblee-nationale.fr/instances/resume/OMC_PO747251/legislature/15,"Urbanisme",35,1,,
http://www2.assemblee-nationale.fr/instances/resume/OMC_PO751484/legislature/15,"Valorisation des activités touristiques",60,,1,
http://www2.assemblee-nationale.fr/instances/resume/OMC_PO747256/legislature/15,"Véhicules terrestres",26,,,
http://www2.assemblee-nationale.fr/instances/resume/OMC_PO747261/legislature/15,"Vie associative et bénévolat",76,1,,
http://www2.assemblee-nationale.fr/instances/resume/OMC_PO747266/legislature/15,"Vigne, vin et œnologie",113,,,
http://www2.assemblee-nationale.fr/instances/resume/OMC_PO747271/legislature/15,"Villes et banlieues",49,,,
http://www2.assemblee-nationale.fr/instances/resume/OMC_PO747276/legislature/15,"Villes moyennes",56,,,
http://www2.assemblee-nationale.fr/instances/resume/OMC_PO747281/legislature/15,"Violences intra-familiales",37,,1,
http://www2.assemblee-nationale.fr/instances/resume/OMC_PO747286/legislature/15,"Voies navigables et transports multimodaux – canaux",35,1,,
